{"name":"SmirkHat Počasí","short_name":"SmirkHat Počasí","icons":[{"src":"/android-chrome-192x192.png","sizes":"192x192","type":"image/png"},{"src":"/android-chrome-512x512.png","sizes":"512x512","type":"image/png"}],"theme_color":"#ffffff","background_color":"#ffffff","display":"standalone","dir":"ltr","start_url":"/","scope":"https://pocasi.smirkhat.org","lang":"cs","id":"smirkhatpocasi","description":"Konečně pořádná aplikace na počasí. Na výběr z několika ověřených zdrojů a moderní design.","categories":["utilities","weather"],"orientation":"any","edge_side_panel":{"preferred_width":400},"display_override":["window-controls-overlay"],"launch_handler":{"client_mode":"navigate-existing"}}